,id_Sucursal,Prediccion
0,1,759248.4729999999
1,2,783864.399
2,3,808480.325
3,4,833096.2509999999
4,5,857712.1769999999
5,6,882328.103
